energy_keV,counts
0.000000,0.000000
0.010000,0.000906
0.020000,0.006400
0.030000,0.033005
0.040000,0.138711
0.050000,0.482580
0.060000,1.399674
0.070000,3.406736
0.080000,7.014468
0.090000,12.348654
0.100000,18.853819
0.110000,25.438132
0.120000,31.051267
0.130000,35.220998
0.140000,38.112198
0.150000,40.190437
0.160000,41.871619
0.170000,43.394556
0.180000,44.853112
0.190000,46.256176
0.200000,47.571620
0.210000,48.772461
0.220000,49.870010
0.230000,50.927036
0.240000,52.036242
0.250000,53.277666
0.260000,54.680961
0.270000,56.215681
0.280000,57.817639
0.290000,59.434599
0.300000,61.052754
0.310000,62.688957
0.320000,64.365945
0.330000,66.104530
0.340000,67.912879
0.350000,69.805126
0.360000,71.782798
0.370000,73.832526
0.380000,75.935465
0.390000,78.082606
0.400000,80.291798
0.410000,82.593504
0.420000,85.003997
0.430000,87.504042
0.440000,90.044986
0.450000,92.576933
0.460000,95.075651
0.470000,97.550460
0.480000,100.035014
0.490000,102.571837
0.500000,105.197337
0.510000,107.927708
0.520000,110.751677
0.530000,113.635516
0.540000,116.541661
0.550000,119.452340
0.560000,122.383862
0.570000,125.375037
0.580000,128.456856
0.590000,131.618567
0.600000,134.800009
0.610000,137.894162
0.620000,140.818522
0.630000,143.540652
0.640000,146.100606
0.650000,148.592288
0.660000,151.124026
0.670000,153.774245
0.680000,156.585376
0.690000,159.559236
0.700000,162.671581
0.710000,165.886002
0.720000,169.164308
0.730000,172.471250
0.740000,175.772951
0.750000,179.034972
0.760000,182.226087
0.770000,185.327764
0.780000,188.341085
0.790000,191.288011
0.800000,194.201272
0.810000,197.104859
0.820000,199.997500
0.830000,202.833729
0.840000,205.508614
0.850000,207.824855
0.860000,209.417455
0.870000,209.639284
0.880000,207.472882
0.890000,201.595061
0.900000,190.709199
0.910000,174.075180
0.920000,152.120577
0.930000,126.633530
0.940000,100.411789
0.950000,76.421570
0.960000,56.882219
0.970000,42.732690
0.980000,33.670004
0.990000,28.611940
1.000000,26.259483
1.010000,25.497255
1.020000,25.550666
1.030000,25.963205
1.040000,26.496097
1.050000,27.030352
1.060000,27.506884
1.070000,27.885255
1.080000,28.154763
1.090000,28.327384
1.100000,28.435277
1.110000,28.519829
1.120000,28.617415
1.130000,28.750540
1.140000,28.927925
1.150000,29.151539
1.160000,29.423832
1.170000,29.749708
1.180000,30.133501
1.190000,30.573579
1.200000,31.061556
1.210000,31.585092
1.220000,32.129496
1.230000,32.687066
1.240000,33.253908
1.250000,33.828365
1.260000,34.407958
1.270000,34.988106
1.280000,35.562074
1.290000,36.126157
1.300000,36.680704
1.310000,37.229806
1.320000,37.778022
1.330000,38.325558
1.340000,38.866410
1.350000,39.389678
1.360000,39.884763
1.370000,40.346738
1.380000,40.778419
1.390000,41.188971
1.400000,41.588605
1.410000,41.985360
1.420000,42.384418
1.430000,42.790700
1.440000,43.212536
1.450000,43.662092
1.460000,44.152672
1.470000,44.693344
1.480000,45.283629
1.490000,45.912765
1.500000,46.562487
1.510000,47.213204
1.520000,47.849035
1.530000,48.461483
1.540000,49.049673
1.550000,49.619722
1.560000,50.177189
1.570000,50.731856
1.580000,51.291257
1.590000,51.861719
1.600000,52.449362
1.610000,53.061134
1.620000,53.705011
1.630000,54.385628
1.640000,55.103437
1.650000,55.849958
1.660000,56.608267
1.670000,57.356536
1.680000,58.074172
1.690000,58.748499
1.700000,59.379699
1.710000,59.982101
1.720000,60.581601
1.730000,61.208248
1.740000,61.886897
1.750000,62.628863
1.760000,63.427175
1.770000,64.257751
1.780000,65.086094
1.790000,65.876242
1.800000,66.599591
1.810000,67.240410
1.820000,67.797783
1.830000,68.284181
1.840000,68.722337
1.850000,69.141313
1.860000,69.570184
1.870000,70.033423
1.880000,70.546024
1.890000,71.111799
1.900000,71.724715
1.910000,72.372644
1.920000,73.043151
1.930000,73.720667
1.940000,74.396900
1.950000,75.065005
1.960000,75.720711
1.970000,76.361987
1.980000,76.988840
1.990000,77.602553
2.000000,78.201496
2.010000,78.782944
2.020000,79.340645
2.030000,79.866974
2.040000,80.356366
2.050000,80.808928
2.060000,81.232210
2.070000,81.641304
2.080000,82.056338
2.090000,82.498364
2.100000,82.985142
2.110000,83.526771
2.120000,84.122858
2.130000,84.761622
2.140000,85.421990
2.150000,86.077608
2.160000,86.702839
2.170000,87.278670
2.180000,87.796629
2.190000,88.260136
2.200000,88.681861
2.210000,89.079584
2.220000,89.469586
2.230000,89.862068
2.240000,90.258727
2.250000,90.654200
2.260000,91.039930
2.270000,91.409928
2.280000,91.764392
2.290000,92.110246
2.300000,92.459472
2.310000,92.826803
2.320000,93.218606
2.330000,93.641562
2.340000,94.094112
2.350000,94.568284
2.360000,95.050952
2.370000,95.525933
2.380000,95.977670
2.390000,96.396505
2.400000,96.779670
2.410000,97.137218
2.420000,97.487751
2.430000,97.853528
2.440000,98.254114
2.450000,98.699684
2.460000,99.187894
2.470000,99.704408
2.480000,100.227372
2.490000,100.733093
2.500000,101.202452
2.510000,101.623789
2.520000,101.993695
2.530000,102.315354
2.540000,102.595030
2.550000,102.839543
2.560000,103.054582
2.570000,103.245197
2.580000,103.416862
2.590000,103.576597
2.600000,103.733643
2.610000,103.898848
2.620000,104.082073
2.630000,104.290448
2.640000,104.525716
2.650000,104.784555
2.660000,105.059871
2.670000,105.343832
2.680000,105.631555
2.690000,105.922538
2.700000,106.220767
2.710000,106.531620
2.720000,106.858118
2.730000,107.200470
2.740000,107.547013
2.750000,107.888054
2.760000,108.211214
2.770000,108.506452
2.780000,108.768055
2.790000,108.995142
2.800000,109.190934
2.810000,109.361753
2.820000,109.512945
2.830000,109.652523
2.840000,109.786685
2.850000,109.919888
2.860000,110.054011
2.870000,110.187490
2.880000,110.316044
2.890000,110.433645
2.900000,110.534378
2.910000,110.614315
2.920000,110.672823
2.930000,110.712977
2.940000,110.740584
2.950000,110.762308
2.960000,110.783800
2.970000,110.807960
2.980000,110.834199
2.990000,110.859528
3.000000,110.879887
3.010000,110.892073
3.020000,110.895350
3.030000,110.891306
3.040000,110.883924
3.050000,110.878359
3.060000,110.880091
3.070000,110.894285
3.080000,110.924964
3.090000,110.974918
3.100000,111.046101
3.110000,111.139338
3.120000,111.254529
3.130000,111.390723
3.140000,111.544944
3.150000,111.712318
3.160000,111.886054
3.170000,112.059557
3.180000,112.219876
3.190000,112.361460
3.200000,112.479288
3.210000,112.571308
3.220000,112.637429
3.230000,112.678110
3.240000,112.692892
3.250000,112.680451
3.260000,112.636656
3.270000,112.560411
3.280000,112.453108
3.290000,112.321034
3.300000,112.175591
3.310000,112.031754
3.320000,111.905438
3.330000,111.810012
3.340000,111.752974
3.350000,111.734512
3.360000,111.747079
3.370000,111.777557
3.380000,111.810154
3.390000,111.830422
3.400000,111.828292
3.410000,111.800426
3.420000,111.750256
3.430000,111.686755
3.440000,111.622107
3.450000,111.568828
3.460000,111.537503
3.470000,111.534649
3.480000,111.561969
3.490000,111.616553
3.500000,111.691323
3.510000,111.776451
3.520000,111.861192
3.530000,111.935490
3.540000,111.991979
3.550000,112.027191
3.560000,112.042176
3.570000,112.042647
3.580000,112.036863
3.590000,112.033583
3.600000,112.039426
3.610000,112.056570
3.620000,112.081839
3.630000,112.109010
3.640000,112.123596
3.650000,112.116587
3.660000,112.080006
3.670000,112.010587
3.680000,111.910230
3.690000,111.784909
3.700000,111.642826
3.710000,111.492641
3.720000,111.342348
3.730000,111.195979
3.740000,111.057112
3.750000,110.927099
3.760000,110.805898
3.770000,110.693014
3.780000,110.587416
3.790000,110.487778
3.800000,110.392248
3.810000,110.298021
3.820000,110.201311
3.830000,110.097620
3.840000,109.982228
3.850000,109.851417
3.860000,109.703401
3.870000,109.538538
3.880000,109.359435
3.890000,109.170315
3.900000,108.975476
3.910000,108.779101
3.920000,108.584412
3.930000,108.394404
3.940000,108.212524
3.950000,108.043546
3.960000,107.893064
3.970000,107.767525
3.980000,107.672423
3.990000,107.611155
4.000000,107.583700
4.010000,107.586732
4.020000,107.613739
4.030000,107.656172
4.040000,107.704039
4.050000,107.746996
4.060000,107.773718
4.070000,107.772901
4.080000,107.733516
4.090000,107.646345
4.100000,107.505438
4.110000,107.310403
4.120000,107.068967
4.130000,106.790180
4.140000,106.492324
4.150000,106.193922
4.160000,105.911317
4.170000,105.656483
4.180000,105.435250
4.190000,105.247345
4.200000,105.088049
4.210000,104.950840
4.220000,104.827515
4.230000,104.713211
4.240000,104.604905
4.250000,104.501260
4.260000,104.402029
4.270000,104.307072
4.280000,104.215601
4.290000,104.126052
4.300000,104.036407
4.310000,103.944801
4.320000,103.849605
4.330000,103.750308
4.340000,103.647157
4.350000,103.541030
4.360000,103.433117
4.370000,103.324638
4.380000,103.216373
4.390000,103.108604
4.400000,103.000861
4.410000,102.892157
4.420000,102.781030
4.430000,102.666178
4.440000,102.546428
4.450000,102.421609
4.460000,102.292466
4.470000,102.160755
4.480000,102.028595
4.490000,101.898216
4.500000,101.770670
4.510000,101.645263
4.520000,101.519211
4.530000,101.387802
4.540000,101.245588
4.550000,101.087674
4.560000,100.911063
4.570000,100.716590
4.580000,100.508509
4.590000,100.294680
4.600000,100.085254
4.610000,99.890487
4.620000,99.719225
4.630000,99.578747
4.640000,99.468408
4.650000,99.388110
4.660000,99.333588
4.670000,99.298706
4.680000,99.276914
4.690000,99.261946
4.700000,99.248196
4.710000,99.230797
4.720000,99.205266
4.730000,99.167589
4.740000,99.112171
4.750000,99.034826
4.760000,98.931129
4.770000,98.797319
4.780000,98.630959
4.790000,98.431061
4.800000,98.198251
4.810000,97.934753
4.820000,97.644232
4.830000,97.331324
4.840000,97.001882
4.850000,96.662261
4.860000,96.319635
4.870000,95.981434
4.880000,95.654827
4.890000,95.345960
4.900000,95.059804
4.910000,94.799252
4.920000,94.564991
4.930000,94.355611
4.940000,94.168357
4.950000,93.999296
4.960000,93.844479
4.970000,93.699919
4.980000,93.562423
4.990000,93.429369
5.000000,93.299025
5.010000,93.170246
5.020000,93.042494
5.030000,92.915410
5.040000,92.789284
5.050000,92.664287
5.060000,92.540743
5.070000,92.418559
5.080000,92.297508
5.090000,92.176724
5.100000,92.055210
5.110000,91.931737
5.120000,91.805268
5.130000,91.675255
5.140000,91.542054
5.150000,91.406740
5.160000,91.271028
5.170000,91.137420
5.180000,91.004535
5.190000,90.873220
5.200000,90.741785
5.210000,90.607248
5.220000,90.466244
5.230000,90.315733
5.240000,90.154323
5.250000,89.982738
5.260000,89.804396
5.270000,89.624630
5.280000,89.450758
5.290000,89.288712
5.300000,89.144693
5.310000,89.022292
5.320000,88.922189
5.330000,88.842387
5.340000,88.778554
5.350000,88.724645
5.360000,88.674263
5.370000,88.621612
5.380000,88.562098
5.390000,88.493129
5.400000,88.413898
5.410000,88.324949
5.420000,88.227738
5.430000,88.123561
5.440000,88.012849
5.450000,87.894298
5.460000,87.765204
5.470000,87.621304
5.480000,87.458282
5.490000,87.272102
5.500000,87.060686
5.510000,86.824339
5.520000,86.566760
5.530000,86.294384
5.540000,86.015834
5.550000,85.740458
5.560000,85.477143
5.570000,85.232344
5.580000,85.009427
5.590000,84.807901
5.600000,84.623817
5.610000,84.450832
5.620000,84.281405
5.630000,84.108483
5.640000,83.927228
5.650000,83.735813
5.660000,83.535967
5.670000,83.332337
5.680000,83.131528
5.690000,82.940637
5.700000,82.765715
5.710000,82.610133
5.720000,82.474070
5.730000,82.354013
5.740000,82.244351
5.750000,82.134267
5.760000,82.015493
5.770000,81.879565
5.780000,81.720403
5.790000,81.535124
5.800000,81.324575
5.810000,81.093079
5.820000,80.847822
5.830000,80.597935
5.840000,80.353463
5.850000,80.122933
5.860000,79.914379
5.870000,79.733250
5.880000,79.582154
5.890000,79.460708
5.900000,79.365763
5.910000,79.291690
5.920000,79.231222
5.930000,79.175773
5.940000,79.116824
5.950000,79.046630
5.960000,78.958996
5.970000,78.850245
5.980000,78.719358
5.990000,78.568143
6.000000,78.400994
6.010000,78.224165
6.020000,78.045068
6.030000,77.871025
6.040000,77.708588
6.050000,77.562357
6.060000,77.434756
6.070000,77.325716
6.080000,77.232644
6.090000,77.150911
6.100000,77.074206
6.110000,76.995511
6.120000,76.907556
6.130000,76.803704
6.140000,76.678654
6.150000,76.528883
6.160000,76.352903
6.170000,76.151664
6.180000,75.928171
6.190000,75.687746
6.200000,75.436959
6.210000,75.183583
6.220000,74.935620
6.230000,74.700681
6.240000,74.485304
6.250000,74.294448
6.260000,74.131107
6.270000,73.996151
6.280000,73.888550
6.290000,73.805677
6.300000,73.743716
6.310000,73.698120
6.320000,73.664914
6.330000,73.637915
6.340000,73.613765
6.350000,73.588864
6.360000,73.560262
6.370000,73.525661
6.380000,73.483253
6.390000,73.431984
6.400000,73.371239
6.410000,73.300873
6.420000,73.221318
6.430000,73.133145
6.440000,73.037550
6.450000,72.934758
6.460000,72.825840
6.470000,72.711397
6.480000,72.591705
6.490000,72.466956
6.500000,72.337063
6.510000,72.202113
6.520000,72.062317
6.530000,71.918325
6.540000,71.771294
6.550000,71.623093
6.560000,71.476242
6.570000,71.333688
6.580000,71.198775
6.590000,71.074660
6.600000,70.963838
6.610000,70.868054
6.620000,70.787622
6.630000,70.721354
6.640000,70.666858
6.650000,70.620519
6.660000,70.577795
6.670000,70.533815
6.680000,70.483699
6.690000,70.423056
6.700000,70.348045
6.710000,70.255837
6.720000,70.144640
6.730000,70.013973
6.740000,69.864547
6.750000,69.698487
6.760000,69.519305
6.770000,69.331293
6.780000,69.139537
6.790000,68.949244
6.800000,68.765294
6.810000,68.591513
6.820000,68.430391
6.830000,68.282982
6.840000,68.148656
6.850000,68.025427
6.860000,67.910408
6.870000,67.800339
6.880000,67.691917
6.890000,67.582510
6.900000,67.470122
6.910000,67.353755
6.920000,67.233588
6.930000,67.110379
6.940000,66.986696
6.950000,66.863336
6.960000,66.743523
6.970000,66.629782
6.980000,66.524233
6.990000,66.428230
7.000000,66.342410
7.010000,66.266241
7.020000,66.198059
7.030000,66.135171
7.040000,66.074309
7.050000,66.011951
7.060000,65.943918
7.070000,65.867393
7.080000,65.780052
7.090000,65.680598
7.100000,65.568723
7.110000,65.445023
7.120000,65.310604
7.130000,65.167064
7.140000,65.016054
7.150000,64.859260
7.160000,64.698360
7.170000,64.535269
7.180000,64.371824
7.190000,64.210240
7.200000,64.052734
7.210000,63.901574
7.220000,63.758792
7.230000,63.625592
7.240000,63.502332
7.250000,63.388296
7.260000,63.281517
7.270000,63.179020
7.280000,63.077272
7.290000,62.972525
7.300000,62.861631
7.310000,62.742125
7.320000,62.612791
7.330000,62.473704
7.340000,62.326169
7.350000,62.172166
7.360000,62.014231
7.370000,61.854653
7.380000,61.695373
7.390000,61.537096
7.400000,61.379785
7.410000,61.222467
7.420000,61.063361
7.430000,60.900526
7.440000,60.732464
7.450000,60.558306
7.460000,60.378422
7.470000,60.194714
7.480000,60.010224
7.490000,59.829280
7.500000,59.656702
7.510000,59.497326
7.520000,59.355529
7.530000,59.234386
7.540000,59.135733
7.550000,59.059412
7.560000,59.004006
7.570000,58.967091
7.580000,58.943514
7.590000,58.929552
7.600000,58.920774
7.610000,58.913213
7.620000,58.903380
7.630000,58.888656
7.640000,58.867199
7.650000,58.837812
7.660000,58.799819
7.670000,58.752974
7.680000,58.697143
7.690000,58.632476
7.700000,58.558262
7.710000,58.474650
7.720000,58.381382
7.730000,58.278435
7.740000,58.166069
7.750000,58.044851
7.760000,57.916139
7.770000,57.781762
7.780000,57.644314
7.790000,57.506933
7.800000,57.373078
7.810000,57.246309
7.820000,57.129787
7.830000,57.026039
7.840000,56.936652
7.850000,56.862196
7.860000,56.801892
7.870000,56.753867
7.880000,56.715408
7.890000,56.683093
7.900000,56.653411
7.910000,56.622792
7.920000,56.588169
7.930000,56.546970
7.940000,56.497684
7.950000,56.439402
7.960000,56.371958
7.970000,56.295901
7.980000,56.212035
7.990000,56.121443
8.000000,56.025001
8.010000,55.923385
8.020000,55.816746
8.030000,55.704942
8.040000,55.587294
8.050000,55.462876
8.060000,55.330875
8.070000,55.190671
8.080000,55.042277
8.090000,54.886487
8.100000,54.724984
8.110000,54.560439
8.120000,54.396201
8.130000,54.236144
8.140000,54.084425
8.150000,53.944921
8.160000,53.820862
8.170000,53.714743
8.180000,53.627805
8.190000,53.560266
8.200000,53.511021
8.210000,53.477911
8.220000,53.457994
8.230000,53.447973
8.240000,53.442630
8.250000,53.438269
8.260000,53.430684
8.270000,53.416170
8.280000,53.391866
8.290000,53.355674
8.300000,53.306763
8.310000,53.245213
8.320000,53.172198
8.330000,53.089496
8.340000,52.999378
8.350000,52.903936
8.360000,52.805074
8.370000,52.703288
8.380000,52.598759
8.390000,52.490450
8.400000,52.376585
8.410000,52.254980
8.420000,52.123367
8.430000,51.979917
8.440000,51.823558
8.450000,51.654149
8.460000,51.472709
8.470000,51.281070
8.480000,51.081988
8.490000,50.878412
8.500000,50.673556
8.510000,50.470466
8.520000,50.271817
8.530000,50.079977
8.540000,49.896928
8.550000,49.724386
8.560000,49.563904
8.570000,49.416900
8.580000,49.284753
8.590000,49.168599
8.600000,49.069332
8.610000,48.987313
8.620000,48.922305
8.630000,48.873357
8.640000,48.838788
8.650000,48.816246
8.660000,48.802694
8.670000,48.794792
8.680000,48.789136
8.690000,48.782161
8.700000,48.770796
8.710000,48.752258
8.720000,48.724234
8.730000,48.685101
8.740000,48.633714
8.750000,48.569516
8.760000,48.492620
8.770000,48.403587
8.780000,48.303694
8.790000,48.194561
8.800000,48.078167
8.810000,47.956944
8.820000,47.833086
8.830000,47.708481
8.840000,47.584530
8.850000,47.461468
8.860000,47.338374
8.870000,47.212797
8.880000,47.080733
8.890000,46.936877
8.900000,46.774827
8.910000,46.587557
8.920000,46.368508
8.930000,46.110542
8.940000,45.809161
8.950000,45.461314
8.960000,45.066282
8.970000,44.625979
8.980000,44.144905
8.990000,43.629944
9.000000,43.089820
9.010000,42.534638
9.020000,41.975279
9.030000,41.422361
9.040000,40.885966
9.050000,40.374810
9.060000,39.895636
9.070000,39.453470
9.080000,39.051167
9.090000,38.689599
9.100000,38.367835
9.110000,38.083683
9.120000,37.833941
9.130000,37.614953
9.140000,37.422966
9.150000,37.254499
9.160000,37.106639
9.170000,36.977096
9.180000,36.864331
9.190000,36.767402
9.200000,36.685821
9.210000,36.619330
9.220000,36.567565
9.230000,36.529929
9.240000,36.505327
9.250000,36.492139
9.260000,36.488248
9.270000,36.490995
9.280000,36.497442
9.290000,36.504636
9.300000,36.509794
9.310000,36.510546
9.320000,36.505207
9.330000,36.492732
9.340000,36.472869
9.350000,36.446125
9.360000,36.413546
9.370000,36.376541
9.380000,36.336583
9.390000,36.295167
9.400000,36.253325
9.410000,36.211710
9.420000,36.170410
9.430000,36.128907
9.440000,36.086349
9.450000,36.041486
9.460000,35.992942
9.470000,35.939413
9.480000,35.879884
9.490000,35.813744
9.500000,35.740766
9.510000,35.661323
9.520000,35.576391
9.530000,35.487279
9.540000,35.395646
9.550000,35.303410
9.560000,35.212559
9.570000,35.125195
9.580000,35.043157
9.590000,34.968090
9.600000,34.901354
9.610000,34.843768
9.620000,34.795802
9.630000,34.757559
9.640000,34.727794
9.650000,34.705522
9.660000,34.689131
9.670000,34.676511
9.680000,34.665367
9.690000,34.653381
9.700000,34.638316
9.710000,34.618231
9.720000,34.591701
9.730000,34.557804
9.740000,34.516272
9.750000,34.467402
9.760000,34.412141
9.770000,34.351514
9.780000,34.287066
9.790000,34.220397
9.800000,34.153030
9.810000,34.086273
9.820000,34.021198
9.830000,33.958543
9.840000,33.898693
9.850000,33.841856
9.860000,33.787919
9.870000,33.736654
9.880000,33.687738
9.890000,33.640800
9.900000,33.595541
9.910000,33.551594
9.920000,33.508755
9.930000,33.466746
9.940000,33.425433
9.950000,33.384708
9.960000,33.344529
9.970000,33.304877
9.980000,33.265868
9.990000,33.227677
10.000000,33.190535
10.010000,33.154735
10.020000,33.120563
10.030000,33.088185
10.040000,33.057680
10.050000,33.028954
10.060000,33.001610
10.070000,32.974988
10.080000,32.948110
10.090000,32.919889
10.100000,32.888942
10.110000,32.853775
10.120000,32.813020
10.130000,32.765481
10.140000,32.710206
10.150000,32.646690
10.160000,32.574857
10.170000,32.495168
10.180000,32.408564
10.190000,32.316498
10.200000,32.220687
10.210000,32.123071
10.220000,32.025758
10.230000,31.930682
10.240000,31.839679
10.250000,31.754036
10.260000,31.674883
10.270000,31.602705
10.280000,31.537528
10.290000,31.479057
10.300000,31.426577
10.310000,31.379113
10.320000,31.335703
10.330000,31.295216
10.340000,31.256670
10.350000,31.219178
10.360000,31.182278
10.370000,31.144949
10.380000,31.107045
10.390000,31.068365
10.400000,31.028708
10.410000,30.988025
10.420000,30.946285
10.430000,30.903534
10.440000,30.859826
10.450000,30.815428
10.460000,30.770664
10.470000,30.726069
10.480000,30.682337
10.490000,30.640373
10.500000,30.601327
10.510000,30.566037
10.520000,30.535713
10.530000,30.511224
10.540000,30.493274
10.550000,30.482089
10.560000,30.477422
10.570000,30.478574
10.580000,30.484246
10.590000,30.492653
10.600000,30.501591
10.610000,30.508562
10.620000,30.510941
10.630000,30.506171
10.640000,30.491952
10.650000,30.466280
10.660000,30.427659
10.670000,30.375282
10.680000,30.309010
10.690000,30.229402
10.700000,30.137721
10.710000,30.035880
10.720000,29.926311
10.730000,29.811947
10.740000,29.695993
10.750000,29.581738
10.760000,29.472443
10.770000,29.371143
10.780000,29.280474
10.790000,29.202519
10.800000,29.138769
10.810000,29.089993
10.820000,29.056157
10.830000,29.036543
10.840000,29.029781
10.850000,29.033897
10.860000,29.046506
10.870000,29.064876
10.880000,29.086184
10.890000,29.107583
10.900000,29.126381
10.910000,29.140085
10.920000,29.146532
10.930000,29.143963
10.940000,29.131018
10.950000,29.106763
10.960000,29.070744
10.970000,29.022893
10.980000,28.963525
10.990000,28.893435
11.000000,28.813675
11.010000,28.725745
11.020000,28.631260
11.030000,28.532187
11.040000,28.430556
11.050000,28.328518
11.060000,28.228105
11.070000,28.131278
11.080000,28.039781
11.090000,27.955033
11.100000,27.878126
11.110000,27.809721
11.120000,27.750354
11.130000,27.699443
11.140000,27.656721
11.150000,27.621384
11.160000,27.592380
11.170000,27.568469
11.180000,27.548350
11.190000,27.530672
11.200000,27.514071
11.210000,27.497365
11.220000,27.479491
11.230000,27.459534
11.240000,27.436781
11.250000,27.410767
11.260000,27.381189
11.270000,27.348049
11.280000,27.311272
11.290000,27.271164
11.300000,27.228130
11.310000,27.182628
11.320000,27.135178
11.330000,27.086325
11.340000,27.036589
11.350000,26.986427
11.360000,26.936156
11.370000,26.886036
11.380000,26.836179
11.390000,26.786520
11.400000,26.736905
11.410000,26.687036
11.420000,26.636523
11.430000,26.584921
11.440000,26.531795
11.450000,26.476640
11.460000,26.419009
11.470000,26.358542
11.480000,26.294942
11.490000,26.227966
11.500000,26.157468
11.510000,26.083400
11.520000,26.005762
11.530000,25.924617
11.540000,25.840145
11.550000,25.752583
11.560000,25.662177
11.570000,25.569334
11.580000,25.474483
11.590000,25.378143
11.600000,25.280938
11.610000,25.183595
11.620000,25.086860
11.630000,24.991524
11.640000,24.898433
11.650000,24.808418
11.660000,24.722149
11.670000,24.640278
11.680000,24.563281
11.690000,24.491435
11.700000,24.424785
11.710000,24.363202
11.720000,24.306342
11.730000,24.253614
11.740000,24.204344
11.750000,24.157694
11.760000,24.112905
11.770000,24.069163
11.780000,24.025831
11.790000,23.982351
11.800000,23.938438
11.810000,23.893850
11.820000,23.848709
11.830000,23.803146
11.840000,23.757432
11.850000,23.711776
11.860000,23.666418
11.870000,23.621458
11.880000,23.576800
11.890000,23.532246
11.900000,23.487320
11.910000,23.441667
11.920000,23.394211
11.930000,23.344433
11.940000,23.291669
11.950000,23.235372
11.960000,23.175229
11.970000,23.111175
11.980000,23.043499
11.990000,22.972789
12.000000,22.899922
12.010000,22.826054
12.020000,22.752480
12.030000,22.680606
12.040000,22.611807
12.050000,22.547350
12.060000,22.488386
12.070000,22.435472
12.080000,22.389189
12.090000,22.349668
12.100000,22.316756
12.110000,22.290053
12.120000,22.268980
12.130000,22.252831
12.140000,22.240877
12.150000,22.232373
12.160000,22.226676
12.170000,22.223191
12.180000,22.221445
12.190000,22.221007
12.200000,22.221538
12.210000,22.222667
12.220000,22.223994
12.230000,22.225082
12.240000,22.225346
12.250000,22.224151
12.260000,22.220763
12.270000,22.214430
12.280000,22.204362
12.290000,22.189854
12.300000,22.170271
12.310000,22.145181
12.320000,22.114353
12.330000,22.077786
12.340000,22.035689
12.350000,21.988507
12.360000,21.936822
12.370000,21.881385
12.380000,21.822987
12.390000,21.762391
12.400000,21.700342
12.410000,21.637436
12.420000,21.574162
12.430000,21.510819
12.440000,21.447586
12.450000,21.384415
12.460000,21.321265
12.470000,21.257953
12.480000,21.194285
12.490000,21.130133
12.500000,21.065450
12.510000,21.000206
12.520000,20.934537
12.530000,20.868651
12.540000,20.802851
12.550000,20.737493
12.560000,20.672908
12.570000,20.609414
12.580000,20.547233
12.590000,20.486523
12.600000,20.427312
12.610000,20.369555
12.620000,20.313103
12.630000,20.257690
12.640000,20.203170
12.650000,20.149351
12.660000,20.096125
12.670000,20.043563
12.680000,19.991823
12.690000,19.941245
12.700000,19.892276
12.710000,19.845518
12.720000,19.801824
12.730000,19.761548
12.740000,19.725476
12.750000,19.694173
12.760000,19.668008
12.770000,19.647185
12.780000,19.631634
12.790000,19.621042
12.800000,19.614857
12.810000,19.612309
12.820000,19.612372
12.830000,19.613940
12.840000,19.615741
12.850000,19.616486
12.860000,19.614885
12.870000,19.609785
12.880000,19.599948
12.890000,19.584448
12.900000,19.562510
12.910000,19.533592
12.920000,19.497366
12.930000,19.453764
12.940000,19.402948
12.950000,19.345363
12.960000,19.281647
12.970000,19.212695
12.980000,19.139512
12.990000,19.063219
13.000000,18.984976
13.010000,18.905982
13.020000,18.827314
13.030000,18.749975
13.040000,18.674780
13.050000,18.602371
13.060000,18.533218
13.070000,18.467564
13.080000,18.405470
13.090000,18.346854
13.100000,18.291503
13.110000,18.239130
13.120000,18.189392
13.130000,18.141903
13.140000,18.096312
13.150000,18.052310
13.160000,18.009606
13.170000,17.967955
13.180000,17.927183
13.190000,17.887137
13.200000,17.847666
13.210000,17.808623
13.220000,17.769886
13.230000,17.731289
13.240000,17.692622
13.250000,17.653728
13.260000,17.614359
13.270000,17.574278
13.280000,17.533265
13.290000,17.491148
13.300000,17.447784
13.310000,17.403055
13.320000,17.356990
13.330000,17.309664
13.340000,17.261267
13.350000,17.212090
13.360000,17.162508
13.370000,17.113032
13.380000,17.064229
13.390000,17.016673
13.400000,16.970997
13.410000,16.927815
13.420000,16.887609
13.430000,16.850829
13.440000,16.817688
13.450000,16.788309
13.460000,16.762524
13.470000,16.740032
13.480000,16.720250
13.490000,16.702519
13.500000,16.685954
13.510000,16.669687
13.520000,16.652773
13.530000,16.634353
13.540000,16.613652
13.550000,16.590222
13.560000,16.563457
13.570000,16.533320
13.580000,16.499962
13.590000,16.463712
13.600000,16.425097
13.610000,16.384828
13.620000,16.343704
13.630000,16.302565
13.640000,16.262229
13.650000,16.223392
13.660000,16.186583
13.670000,16.152191
13.680000,16.120359
13.690000,16.090981
13.700000,16.063767
13.710000,16.038272
13.720000,16.013729
13.730000,15.989435
13.740000,15.964591
13.750000,15.938409
13.760000,15.910169
13.770000,15.879246
13.780000,15.845163
13.790000,15.807608
13.800000,15.766420
13.810000,15.721600
13.820000,15.673315
13.830000,15.621819
13.840000,15.567514
13.850000,15.510821
13.860000,15.452225
13.870000,15.392245
13.880000,15.331386
13.890000,15.270163
13.900000,15.209039
13.910000,15.148429
13.920000,15.088717
13.930000,15.030214
13.940000,14.973161
13.950000,14.917775
13.960000,14.864168
13.970000,14.812409
13.980000,14.762500
13.990000,14.714434
14.000000,14.668195
14.010000,14.623716
14.020000,14.581006
14.030000,14.540083
14.040000,14.501030
14.050000,14.463965
14.060000,14.429085
14.070000,14.396596
14.080000,14.366760
14.090000,14.339815
14.100000,14.315940
14.110000,14.295282
14.120000,14.277856
14.130000,14.263581
14.140000,14.252207
14.150000,14.243360
14.160000,14.236472
14.170000,14.230914
14.180000,14.225902
14.190000,14.220590
14.200000,14.214101
14.210000,14.205578
14.220000,14.194217
14.230000,14.179293
14.240000,14.160215
14.250000,14.136556
14.260000,14.108074
14.270000,14.074699
14.280000,14.036569
14.290000,13.994029
14.300000,13.947534
14.310000,13.897725
14.320000,13.845331
14.330000,13.791160
14.340000,13.736035
14.350000,13.680839
14.360000,13.626319
14.370000,13.573191
14.380000,13.522078
14.390000,13.473427
14.400000,13.427586
14.410000,13.384793
14.420000,13.344889
14.430000,13.307884
14.440000,13.273503
14.450000,13.241417
14.460000,13.211206
14.470000,13.182382
14.480000,13.154429
14.490000,13.126858
14.500000,13.099155
14.510000,13.070864
14.520000,13.041589
14.530000,13.010971
14.540000,12.978747
14.550000,12.944689
14.560000,12.908684
14.570000,12.870719
14.580000,12.830714
14.590000,12.788794
14.600000,12.745093
14.610000,12.699822
14.620000,12.653240
14.630000,12.605645
14.640000,12.557390
14.650000,12.508863
14.660000,12.460481
14.670000,12.412666
14.680000,12.365865
14.690000,12.320503
14.700000,12.276935
14.710000,12.235534
14.720000,12.196580
14.730000,12.160272
14.740000,12.126721
14.750000,12.095963
14.760000,12.067940
14.770000,12.042486
14.780000,12.019414
14.790000,11.998445
14.800000,11.979243
14.810000,11.961475
14.820000,11.944779
14.830000,11.928803
14.840000,11.913179
14.850000,11.897592
14.860000,11.881736
14.870000,11.865344
14.880000,11.848178
14.890000,11.830077
14.900000,11.810883
14.910000,11.790536
14.920000,11.769004
14.930000,11.746312
14.940000,11.722563
14.950000,11.697907
14.960000,11.672529
14.970000,11.646652
14.980000,11.620540
14.990000,11.594454
15.000000,11.568616
15.010000,11.543285
15.020000,11.518641
15.030000,11.494833
15.040000,11.471959
15.050000,11.450078
15.060000,11.429152
15.070000,11.409149
15.080000,11.389952
15.090000,11.371428
15.100000,11.353417
15.110000,11.335755
15.120000,11.318248
15.130000,11.300702
15.140000,11.282922
15.150000,11.264760
15.160000,11.246012
15.170000,11.226527
15.180000,11.206166
15.190000,11.184819
15.200000,11.162323
15.210000,11.138580
15.220000,11.113474
15.230000,11.086883
15.240000,11.058735
15.250000,11.028930
15.260000,10.997395
15.270000,10.964078
15.280000,10.928957
15.290000,10.892130
15.300000,10.853549
15.310000,10.813434
15.320000,10.772025
15.330000,10.729618
15.340000,10.686570
15.350000,10.643316
15.360000,10.600317
15.370000,10.558056
15.380000,10.516996
15.390000,10.477583
15.400000,10.440158
15.410000,10.404993
15.420000,10.372242
15.430000,10.341946
15.440000,10.314010
15.450000,10.288229
15.460000,10.264335
15.470000,10.241879
15.480000,10.220474
15.490000,10.199653
15.500000,10.178978
15.510000,10.158051
15.520000,10.136533
15.530000,10.114196
15.540000,10.090871
15.550000,10.066495
15.560000,10.041116
15.570000,10.014857
15.580000,9.987924
15.590000,9.960532
15.600000,9.932957
15.610000,9.905480
15.620000,9.878353
15.630000,9.851818
15.640000,9.826038
15.650000,9.801172
15.660000,9.777277
15.670000,9.754392
15.680000,9.732506
15.690000,9.711584
15.700000,9.691548
15.710000,9.672346
15.720000,9.653905
15.730000,9.636158
15.740000,9.619053
15.750000,9.602555
15.760000,9.586631
15.770000,9.571268
15.780000,9.556440
15.790000,9.542127
15.800000,9.528264
15.810000,9.514792
15.820000,9.501607
15.830000,9.488598
15.840000,9.475605
15.850000,9.462461
15.860000,9.448974
15.870000,9.434943
15.880000,9.420161
15.890000,9.404440
15.900000,9.387590
15.910000,9.369447
15.920000,9.349874
15.930000,9.328760
15.940000,9.306027
15.950000,9.281636
15.960000,9.255590
15.970000,9.227883
15.980000,9.198596
15.990000,9.167834
16.000000,9.135706
16.010000,9.102361
16.020000,9.067995
16.030000,9.032795
16.040000,8.997008
16.050000,8.960873
16.060000,8.924666
16.070000,8.888664
16.080000,8.853127
16.090000,8.818338
16.100000,8.784561
16.110000,8.752050
16.120000,8.721016
16.130000,8.691698
16.140000,8.664241
16.150000,8.638777
16.160000,8.615372
16.170000,8.594027
16.180000,8.574713
16.190000,8.557309
16.200000,8.541711
16.210000,8.527545
16.220000,8.514571
16.230000,8.502431
16.240000,8.490742
16.250000,8.479093
16.260000,8.467075
16.270000,8.454315
16.280000,8.440474
16.290000,8.425290
16.300000,8.408611
16.310000,8.390363
16.320000,8.370611
16.330000,8.349533
16.340000,8.327431
16.350000,8.304686
16.360000,8.281762
16.370000,8.259202
16.380000,8.237449
16.390000,8.217044
16.400000,8.198401
16.410000,8.181863
16.420000,8.167640
16.430000,8.155825
16.440000,8.146343
16.450000,8.138993
16.460000,8.133419
16.470000,8.129172
16.480000,8.125709
16.490000,8.122429
16.500000,8.118720
16.510000,8.113994
16.520000,8.107695
16.530000,8.099365
16.540000,8.088649
16.550000,8.075330
16.560000,8.059300
16.570000,8.040596
16.580000,8.019372
16.590000,7.995899
16.600000,7.970534
16.610000,7.943667
16.620000,7.915752
16.630000,7.887221
16.640000,7.858480
16.650000,7.829889
16.660000,7.801726
16.670000,7.774179
16.680000,7.747356
16.690000,7.721264
16.700000,7.695814
16.710000,7.670860
16.720000,7.646189
16.730000,7.621553
16.740000,7.596682
16.750000,7.571320
16.760000,7.545223
16.770000,7.518188
16.780000,7.490063
16.790000,7.460737
16.800000,7.430183
16.810000,7.398409
16.820000,7.365481
16.830000,7.331532
16.840000,7.296715
16.850000,7.261234
16.860000,7.225297
16.870000,7.189149
16.880000,7.153031
16.890000,7.117196
16.900000,7.081892
16.910000,7.047354
16.920000,7.013802
16.930000,6.981412
16.940000,6.950367
16.950000,6.920794
16.960000,6.892808
16.970000,6.866457
16.980000,6.841770
16.990000,6.818743
17.000000,6.797336
17.010000,6.777507
17.020000,6.759157
17.030000,6.742219
17.040000,6.726605
17.050000,6.712223
17.060000,6.699011
17.070000,6.686892
17.080000,6.675802
17.090000,6.665679
17.100000,6.656444
17.110000,6.648033
17.120000,6.640321
17.130000,6.633239
17.140000,6.626520
17.150000,6.620020
17.160000,6.613515
17.170000,6.606760
17.180000,6.599496
17.190000,6.591452
17.200000,6.582387
17.210000,6.572088
17.220000,6.560378
17.230000,6.547148
17.240000,6.532367
17.250000,6.516074
17.260000,6.498373
17.270000,6.479456
17.280000,6.459575
17.290000,6.439047
17.300000,6.418240
17.310000,6.397489
17.320000,6.377197
17.330000,6.357759
17.340000,6.339517
17.350000,6.322797
17.360000,6.307868
17.370000,6.294936
17.380000,6.284165
17.390000,6.275609
17.400000,6.269271
17.410000,6.265084
17.420000,6.262888
17.430000,6.262438
17.440000,6.263441
17.450000,6.265521
17.460000,6.268249
17.470000,6.271152
17.480000,6.273720
17.490000,6.275448
17.500000,6.275818
17.510000,6.274340
17.520000,6.270586
17.530000,6.264155
17.540000,6.254743
17.550000,6.242138
17.560000,6.226213
17.570000,6.206944
17.580000,6.184411
17.590000,6.158780
17.600000,6.130318
17.610000,6.099361
17.620000,6.066298
17.630000,6.031572
17.640000,5.995658
17.650000,5.959029
17.660000,5.922167
17.670000,5.885510
17.680000,5.849487
17.690000,5.814448
17.700000,5.780711
17.710000,5.748519
17.720000,5.718026
17.730000,5.689340
17.740000,5.662495
17.750000,5.637466
17.760000,5.614165
17.770000,5.592468
17.780000,5.572214
17.790000,5.553229
17.800000,5.535323
17.810000,5.518303
17.820000,5.502002
17.830000,5.486254
17.840000,5.470925
17.850000,5.455902
17.860000,5.441105
17.870000,5.426472
17.880000,5.411947
17.890000,5.397516
17.900000,5.383140
17.910000,5.368827
17.920000,5.354542
17.930000,5.340283
17.940000,5.326041
17.950000,5.311798
17.960000,5.297549
17.970000,5.283278
17.980000,5.268992
17.990000,5.254707
18.000000,5.240427
18.010000,5.226188
18.020000,5.212017
18.030000,5.197980
18.040000,5.184113
18.050000,5.170485
18.060000,5.157151
18.070000,5.144154
18.080000,5.131562
18.090000,5.119343
18.100000,5.107546
18.110000,5.096166
18.120000,5.085188
18.130000,5.074588
18.140000,5.064333
18.150000,5.054378
18.160000,5.044668
18.170000,5.035147
18.180000,5.025772
18.190000,5.016497
18.200000,5.007269
18.210000,4.998052
18.220000,4.988824
18.230000,4.979551
18.240000,4.970219
18.250000,4.960821
18.260000,4.951359
18.270000,4.941799
18.280000,4.932155
18.290000,4.922425
18.300000,4.912603
18.310000,4.902687
18.320000,4.892682
18.330000,4.882589
18.340000,4.872397
18.350000,4.862114
18.360000,4.851744
18.370000,4.841277
18.380000,4.830721
18.390000,4.820075
18.400000,4.809330
18.410000,4.798494
18.420000,4.787560
18.430000,4.776524
18.440000,4.765373
18.450000,4.754113
18.460000,4.742740
18.470000,4.731238
18.480000,4.719623
18.490000,4.707892
18.500000,4.696051
18.510000,4.684129
18.520000,4.672128
18.530000,4.660072
18.540000,4.647973
18.550000,4.635842
18.560000,4.623698
18.570000,4.611538
18.580000,4.599352
18.590000,4.587128
18.600000,4.574829
18.610000,4.562422
18.620000,4.549865
18.630000,4.537108
18.640000,4.524097
18.650000,4.510775
18.660000,4.497112
18.670000,4.483071
18.680000,4.468628
18.690000,4.453796
18.700000,4.438572
18.710000,4.423006
18.720000,4.407137
18.730000,4.391035
18.740000,4.374782
18.750000,4.358459
18.760000,4.342153
18.770000,4.325943
18.780000,4.309901
18.790000,4.294093
18.800000,4.278552
18.810000,4.263313
18.820000,4.248372
18.830000,4.233721
18.840000,4.219327
18.850000,4.205140
18.860000,4.191116
18.870000,4.177188
18.880000,4.163299
18.890000,4.149398
18.900000,4.135436
18.910000,4.121380
18.920000,4.107217
18.930000,4.092939
18.940000,4.078558
18.950000,4.064109
18.960000,4.049636
18.970000,4.035183
18.980000,4.020807
18.990000,4.006579
19.000000,3.992557
19.010000,3.978795
19.020000,3.965346
19.030000,3.952235
19.040000,3.939495
19.050000,3.927135
19.060000,3.915198
19.070000,3.903618
19.080000,3.892402
19.090000,3.881524
19.100000,3.870958
19.110000,3.860675
19.120000,3.850637
19.130000,3.840817
19.140000,3.831189
19.150000,3.821722
19.160000,3.812394
19.170000,3.803188
19.180000,3.794089
19.190000,3.785080
19.200000,3.776153
19.210000,3.767302
19.220000,3.758520
19.230000,3.749802
19.240000,3.741147
19.250000,3.732571
19.260000,3.724050
19.270000,3.715610
19.280000,3.707275
19.290000,3.699064
19.300000,3.690999
19.310000,3.683119
19.320000,3.675457
19.330000,3.668055
19.340000,3.660953
19.350000,3.654182
19.360000,3.647776
19.370000,3.641753
19.380000,3.636128
19.390000,3.630898
19.400000,3.626045
19.410000,3.621546
19.420000,3.617355
19.430000,3.613418
19.440000,3.609674
19.450000,3.606047
19.460000,3.602468
19.470000,3.598848
19.480000,3.595110
19.490000,3.591178
19.500000,3.586979
19.510000,3.582448
19.520000,3.577525
19.530000,3.572157
19.540000,3.566307
19.550000,3.559944
19.560000,3.553046
19.570000,3.545606
19.580000,3.537625
19.590000,3.529122
19.600000,3.520116
19.610000,3.510649
19.620000,3.500761
19.630000,3.490510
19.640000,3.479953
19.650000,3.469160
19.660000,3.458203
19.670000,3.447148
19.680000,3.436072
19.690000,3.425035
19.700000,3.414098
19.710000,3.403325
19.720000,3.392755
19.730000,3.382436
19.740000,3.372402
19.750000,3.362678
19.760000,3.353288
19.770000,3.344248
19.780000,3.335568
19.790000,3.327264
19.800000,3.319339
19.810000,3.311791
19.820000,3.304622
19.830000,3.297840
19.840000,3.291428
19.850000,3.285378
19.860000,3.279679
19.870000,3.274288
19.880000,3.269190
19.890000,3.264349
19.900000,3.259717
19.910000,3.255254
19.920000,3.250887
19.930000,3.246570
19.940000,3.242233
19.950000,3.237808
19.960000,3.233241
19.970000,3.228459
19.980000,3.223394
19.990000,3.217996
20.000000,3.212205
20.010000,3.205968
20.020000,3.199238
20.030000,3.191977
20.040000,3.184151
20.050000,3.175745
20.060000,3.166744
20.070000,3.157169
20.080000,3.146994
20.090000,3.136263
20.100000,3.125009
20.110000,3.113286
20.120000,3.101155
20.130000,3.088685
20.140000,3.075959
20.150000,3.063063
20.160000,3.050091
20.170000,3.037136
20.180000,3.024294
20.190000,3.011656
20.200000,2.999307
20.210000,2.987332
20.220000,2.975800
20.230000,2.964768
20.240000,2.954281
20.250000,2.944372
20.260000,2.935070
20.270000,2.926348
20.280000,2.918202
20.290000,2.910589
20.300000,2.903460
20.310000,2.896742
20.320000,2.890350
20.330000,2.884189
20.340000,2.878152
20.350000,2.872125
20.360000,2.866006
20.370000,2.859675
20.380000,2.853039
20.390000,2.846003
20.400000,2.838495
20.410000,2.830457
20.420000,2.821858
20.430000,2.812692
20.440000,2.802967
20.450000,2.792720
20.460000,2.782011
20.470000,2.770911
20.480000,2.759505
20.490000,2.747895
20.500000,2.736180
20.510000,2.724458
20.520000,2.712827
20.530000,2.701358
20.540000,2.690124
20.550000,2.679177
20.560000,2.668538
20.570000,2.658229
20.580000,2.648233
20.590000,2.638528
20.600000,2.629074
20.610000,2.619826
20.620000,2.610718
20.630000,2.601698
20.640000,2.592711
20.650000,2.583708
20.660000,2.574650
20.670000,2.565517
20.680000,2.556304
20.690000,2.547017
20.700000,2.537695
20.710000,2.528380
20.720000,2.519131
20.730000,2.510022
20.740000,2.501129
20.750000,2.492542
20.760000,2.484330
20.770000,2.476569
20.780000,2.469318
20.790000,2.462611
20.800000,2.456471
20.810000,2.450894
20.820000,2.445851
20.830000,2.441292
20.840000,2.437145
20.850000,2.433322
20.860000,2.429714
20.870000,2.426204
20.880000,2.422674
20.890000,2.419001
20.900000,2.415076
20.910000,2.410801
20.920000,2.406093
20.930000,2.400894
20.940000,2.395163
20.950000,2.388892
20.960000,2.382094
20.970000,2.374799
20.980000,2.367062
20.990000,2.358959
21.000000,2.350568
21.010000,2.341978
21.020000,2.333282
21.030000,2.324563
21.040000,2.315897
21.050000,2.307349
21.060000,2.298974
21.070000,2.290808
21.080000,2.282866
21.090000,2.275149
21.100000,2.267671
21.110000,2.260380
21.120000,2.253261
21.130000,2.246291
21.140000,2.239442
21.150000,2.232686
21.160000,2.226006
21.170000,2.219397
21.180000,2.212855
21.190000,2.206389
21.200000,2.200007
21.210000,2.193728
21.220000,2.187571
21.230000,2.181550
21.240000,2.175671
21.250000,2.169935
21.260000,2.164338
21.270000,2.158857
21.280000,2.153459
21.290000,2.148108
21.300000,2.142743
21.310000,2.137311
21.320000,2.131759
21.330000,2.126036
21.340000,2.120088
21.350000,2.113879
21.360000,2.107388
21.370000,2.100601
21.380000,2.093524
21.390000,2.086178
21.400000,2.078596
21.410000,2.070824
21.420000,2.062915
21.430000,2.054936
21.440000,2.046950
21.450000,2.039025
21.460000,2.031215
21.470000,2.023581
21.480000,2.016173
21.490000,2.009024
21.500000,2.002167
21.510000,1.995620
21.520000,1.989389
21.530000,1.983475
21.540000,1.977867
21.550000,1.972546
21.560000,1.967490
21.570000,1.962673
21.580000,1.958063
21.590000,1.953632
21.600000,1.949352
21.610000,1.945195
21.620000,1.941144
21.630000,1.937176
21.640000,1.933283
21.650000,1.929460
21.660000,1.925706
21.670000,1.922019
21.680000,1.918407
21.690000,1.914877
21.700000,1.911435
21.710000,1.908079
21.720000,1.904806
21.730000,1.901607
21.740000,1.898462
21.750000,1.895344
21.760000,1.892218
21.770000,1.889040
21.780000,1.885764
21.790000,1.882338
21.800000,1.878705
21.810000,1.874816
21.820000,1.870631
21.830000,1.866112
21.840000,1.861222
21.850000,1.855953
21.860000,1.850298
21.870000,1.844264
21.880000,1.837869
21.890000,1.831139
21.900000,1.824108
21.910000,1.816815
21.920000,1.809302
21.930000,1.801604
21.940000,1.793764
21.950000,1.785815
21.960000,1.777787
21.970000,1.769702
21.980000,1.761576
21.990000,1.753425
22.000000,1.745265
22.010000,1.737105
22.020000,1.728949
22.030000,1.720813
22.040000,1.712710
22.050000,1.704654
22.060000,1.696669
22.070000,1.688769
22.080000,1.680983
22.090000,1.673336
22.100000,1.665853
22.110000,1.658555
22.120000,1.651464
22.130000,1.644601
22.140000,1.637980
22.150000,1.631619
22.160000,1.625507
22.170000,1.619653
22.180000,1.614054
22.190000,1.608702
22.200000,1.603587
22.210000,1.598699
22.220000,1.594024
22.230000,1.589545
22.240000,1.585252
22.250000,1.581126
22.260000,1.577152
22.270000,1.573312
22.280000,1.569592
22.290000,1.565972
22.300000,1.562432
22.310000,1.558958
22.320000,1.555528
22.330000,1.552123
22.340000,1.548724
22.350000,1.545318
22.360000,1.541878
22.370000,1.538396
22.380000,1.534859
22.390000,1.531259
22.400000,1.527589
22.410000,1.523854
22.420000,1.520050
22.430000,1.516184
22.440000,1.512263
22.450000,1.508299
22.460000,1.504296
22.470000,1.500265
22.480000,1.496210
22.490000,1.492135
22.500000,1.488037
22.510000,1.483910
22.520000,1.479742
22.530000,1.475519
22.540000,1.471223
22.550000,1.466827
22.560000,1.462308
22.570000,1.457641
22.580000,1.452802
22.590000,1.447775
22.600000,1.442541
22.610000,1.437097
22.620000,1.431448
22.630000,1.425602
22.640000,1.419585
22.650000,1.413429
22.660000,1.407178
22.670000,1.400886
22.680000,1.394609
22.690000,1.388413
22.700000,1.382365
22.710000,1.376531
22.720000,1.370972
22.730000,1.365750
22.740000,1.360906
22.750000,1.356484
22.760000,1.352504
22.770000,1.348973
22.780000,1.345883
22.790000,1.343208
22.800000,1.340913
22.810000,1.338937
22.820000,1.337213
22.830000,1.335663
22.840000,1.334197
22.850000,1.332724
22.860000,1.331149
22.870000,1.329379
22.880000,1.327330
22.890000,1.324923
22.900000,1.322093
22.910000,1.318789
22.920000,1.314972
22.930000,1.310620
22.940000,1.305737
22.950000,1.300331
22.960000,1.294432
22.970000,1.288082
22.980000,1.281337
22.990000,1.274257
23.000000,1.266916
23.010000,1.259386
23.020000,1.251738
23.030000,1.244045
23.040000,1.236373
23.050000,1.228788
23.060000,1.221343
23.070000,1.214087
23.080000,1.207056
23.090000,1.200277
23.100000,1.193775
23.110000,1.187558
23.120000,1.181634
23.130000,1.176004
23.140000,1.170663
23.150000,1.165601
23.160000,1.160802
23.170000,1.156257
23.180000,1.151943
23.190000,1.147850
23.200000,1.143964
23.210000,1.140264
23.220000,1.136738
23.230000,1.133384
23.240000,1.130180
23.250000,1.127124
23.260000,1.124216
23.270000,1.121456
23.280000,1.118846
23.290000,1.116392
23.300000,1.114098
23.310000,1.111976
23.320000,1.110035
23.330000,1.108282
23.340000,1.106721
23.350000,1.105357
23.360000,1.104186
23.370000,1.103203
23.380000,1.102391
23.390000,1.101731
23.400000,1.101194
23.410000,1.100747
23.420000,1.100346
23.430000,1.099948
23.440000,1.099507
23.450000,1.098962
23.460000,1.098265
23.470000,1.097362
23.480000,1.096208
23.490000,1.094758
23.500000,1.092974
23.510000,1.090826
23.520000,1.088295
23.530000,1.085366
23.540000,1.082033
23.550000,1.078304
23.560000,1.074185
23.570000,1.069700
23.580000,1.064874
23.590000,1.059737
23.600000,1.054330
23.610000,1.048694
23.620000,1.042875
23.630000,1.036922
23.640000,1.030885
23.650000,1.024813
23.660000,1.018763
23.670000,1.012780
23.680000,1.006916
23.690000,1.001214
23.700000,0.995715
23.710000,0.990453
23.720000,0.985453
23.730000,0.980736
23.740000,0.976308
23.750000,0.972170
23.760000,0.968313
23.770000,0.964719
23.780000,0.961361
23.790000,0.958205
23.800000,0.955212
23.810000,0.952340
23.820000,0.949548
23.830000,0.946786
23.840000,0.944017
23.850000,0.941205
23.860000,0.938316
23.870000,0.935326
23.880000,0.932220
23.890000,0.928990
23.900000,0.925633
23.910000,0.922161
23.920000,0.918586
23.930000,0.914928
23.940000,0.911212
23.950000,0.907465
23.960000,0.903716
23.970000,0.899993
23.980000,0.896328
23.990000,0.892744
24.000000,0.889269
24.010000,0.885924
24.020000,0.882724
24.030000,0.879682
24.040000,0.876809
24.050000,0.874113
24.060000,0.871594
24.070000,0.869253
24.080000,0.867082
24.090000,0.865073
24.100000,0.863216
24.110000,0.861497
24.120000,0.859897
24.130000,0.858396
24.140000,0.856972
24.150000,0.855599
24.160000,0.854251
24.170000,0.852900
24.180000,0.851520
24.190000,0.850084
24.200000,0.848563
24.210000,0.846935
24.220000,0.845178
24.230000,0.843278
24.240000,0.841223
24.250000,0.839007
24.260000,0.836631
24.270000,0.834099
24.280000,0.831426
24.290000,0.828629
24.300000,0.825729
24.310000,0.822752
24.320000,0.819721
24.330000,0.816665
24.340000,0.813617
24.350000,0.810587
24.360000,0.807602
24.370000,0.804673
24.380000,0.801808
24.390000,0.799008
24.400000,0.796268
24.410000,0.793580
24.420000,0.790926
24.430000,0.788286
24.440000,0.785638
24.450000,0.782959
24.460000,0.780225
24.470000,0.777418
24.480000,0.774518
24.490000,0.771511
24.500000,0.768389
24.510000,0.765149
24.520000,0.761793
24.530000,0.758330
24.540000,0.754776
24.550000,0.751145
24.560000,0.747462
24.570000,0.743751
24.580000,0.740041
24.590000,0.736361
24.600000,0.732736
24.610000,0.729196
24.620000,0.725766
24.630000,0.722468
24.640000,0.719324
24.650000,0.716347
24.660000,0.713547
24.670000,0.710930
24.680000,0.708497
24.690000,0.706243
24.700000,0.704157
24.710000,0.702226
24.720000,0.700429
24.730000,0.698743
24.740000,0.697145
24.750000,0.695604
24.760000,0.694091
24.770000,0.692577
24.780000,0.691031
24.790000,0.689427
24.800000,0.687735
24.810000,0.685934
24.820000,0.684005
24.830000,0.681929
24.840000,0.679697
24.850000,0.677298
24.860000,0.674728
24.870000,0.671987
24.880000,0.669076
24.890000,0.666004
24.900000,0.662776
24.910000,0.659404
24.920000,0.655898
24.930000,0.652275
24.940000,0.648549
24.950000,0.644735
24.960000,0.640849
24.970000,0.636906
24.980000,0.632925
24.990000,0.628921
25.000000,0.624912
25.010000,0.620911
25.020000,0.616933
25.030000,0.612993
25.040000,0.609104
25.050000,0.605278
25.060000,0.601523
25.070000,0.597848
25.080000,0.594261
25.090000,0.590764
25.100000,0.587365
25.110000,0.584066
25.120000,0.580865
25.130000,0.577764
25.140000,0.574762
25.150000,0.571856
25.160000,0.569046
25.170000,0.566329
25.180000,0.563708
25.190000,0.561178
25.200000,0.558741
25.210000,0.556396
25.220000,0.554145
25.230000,0.551990
25.240000,0.549930
25.250000,0.547970
25.260000,0.546111
25.270000,0.544353
25.280000,0.542702
25.290000,0.541157
25.300000,0.539720
25.310000,0.538389
25.320000,0.537162
25.330000,0.536037
25.340000,0.535010
25.350000,0.534074
25.360000,0.533219
25.370000,0.532435
25.380000,0.531709
25.390000,0.531023
25.400000,0.530363
25.410000,0.529708
25.420000,0.529036
25.430000,0.528325
25.440000,0.527553
25.450000,0.526695
25.460000,0.525734
25.470000,0.524641
25.480000,0.523399
25.490000,0.521991
25.500000,0.520403
25.510000,0.518623
25.520000,0.516646
25.530000,0.514468
25.540000,0.512090
25.550000,0.509516
25.560000,0.506756
25.570000,0.503822
25.580000,0.500729
25.590000,0.497495
25.600000,0.494139
25.610000,0.490682
25.620000,0.487149
25.630000,0.483559
25.640000,0.479934
25.650000,0.476296
25.660000,0.472666
25.670000,0.469061
25.680000,0.465500
25.690000,0.461996
25.700000,0.458561
25.710000,0.455209
25.720000,0.451948
25.730000,0.448785
25.740000,0.445726
25.750000,0.442774
25.760000,0.439933
25.770000,0.437203
25.780000,0.434585
25.790000,0.432077
25.800000,0.429679
25.810000,0.427389
25.820000,0.425202
25.830000,0.423118
25.840000,0.421133
25.850000,0.419244
25.860000,0.417447
25.870000,0.415738
25.880000,0.414113
25.890000,0.412567
25.900000,0.411094
25.910000,0.409688
25.920000,0.408340
25.930000,0.407041
25.940000,0.405781
25.950000,0.404546
25.960000,0.403323
25.970000,0.402095
25.980000,0.400847
25.990000,0.399559
26.000000,0.398214
26.010000,0.396792
26.020000,0.395276
26.030000,0.393647
26.040000,0.391893
26.050000,0.390000
26.060000,0.387959
26.070000,0.385766
26.080000,0.383418
26.090000,0.380919
26.100000,0.378277
26.110000,0.375504
26.120000,0.372618
26.130000,0.369638
26.140000,0.366590
26.150000,0.363499
26.160000,0.360396
26.170000,0.357311
26.180000,0.354272
26.190000,0.351309
26.200000,0.348449
26.210000,0.345715
26.220000,0.343130
26.230000,0.340708
26.240000,0.338461
26.250000,0.336397
26.260000,0.334515
26.270000,0.332813
26.280000,0.331282
26.290000,0.329909
26.300000,0.328676
26.310000,0.327563
26.320000,0.326548
26.330000,0.325606
26.340000,0.324714
26.350000,0.323847
26.360000,0.322983
26.370000,0.322100
26.380000,0.321180
26.390000,0.320207
26.400000,0.319169
26.410000,0.318058
26.420000,0.316869
26.430000,0.315601
26.440000,0.314256
26.450000,0.312839
26.460000,0.311355
26.470000,0.309817
26.480000,0.308232
26.490000,0.306611
26.500000,0.304968
26.510000,0.303311
26.520000,0.301652
26.530000,0.299999
26.540000,0.298362
26.550000,0.296744
26.560000,0.295154
26.570000,0.293596
26.580000,0.292071
26.590000,0.290582
26.600000,0.289130
26.610000,0.287716
26.620000,0.286342
26.630000,0.285005
26.640000,0.283706
26.650000,0.282448
26.660000,0.281229
26.670000,0.280050
26.680000,0.278913
26.690000,0.277817
26.700000,0.276765
26.710000,0.275754
26.720000,0.274787
26.730000,0.273862
26.740000,0.272978
26.750000,0.272133
26.760000,0.271324
26.770000,0.270548
26.780000,0.269800
26.790000,0.269077
26.800000,0.268373
26.810000,0.267681
26.820000,0.266995
26.830000,0.266310
26.840000,0.265619
26.850000,0.264913
26.860000,0.264188
26.870000,0.263438
26.880000,0.262656
26.890000,0.261837
26.900000,0.260976
26.910000,0.260067
26.920000,0.259108
26.930000,0.258094
26.940000,0.257023
26.950000,0.255892
26.960000,0.254700
26.970000,0.253446
26.980000,0.252131
26.990000,0.250756
27.000000,0.249321
27.010000,0.247831
27.020000,0.246288
27.030000,0.244697
27.040000,0.243062
27.050000,0.241389
27.060000,0.239682
27.070000,0.237949
27.080000,0.236196
27.090000,0.234428
27.100000,0.232653
27.110000,0.230875
27.120000,0.229102
27.130000,0.227339
27.140000,0.225592
27.150000,0.223864
27.160000,0.222163
27.170000,0.220491
27.180000,0.218853
27.190000,0.217254
27.200000,0.215695
27.210000,0.214181
27.220000,0.212714
27.230000,0.211298
27.240000,0.209933
27.250000,0.208622
27.260000,0.207367
27.270000,0.206167
27.280000,0.205022
27.290000,0.203931
27.300000,0.202892
27.310000,0.201901
27.320000,0.200955
27.330000,0.200047
27.340000,0.199171
27.350000,0.198319
27.360000,0.197481
27.370000,0.196647
27.380000,0.195806
27.390000,0.194948
27.400000,0.194060
27.410000,0.193131
27.420000,0.192151
27.430000,0.191111
27.440000,0.190002
27.450000,0.188817
27.460000,0.187554
27.470000,0.186209
27.480000,0.184784
27.490000,0.183281
27.500000,0.181708
27.510000,0.180072
27.520000,0.178384
27.530000,0.176657
27.540000,0.174904
27.550000,0.173142
27.560000,0.171386
27.570000,0.169652
27.580000,0.167957
27.590000,0.166314
27.600000,0.164736
27.610000,0.163234
27.620000,0.161820
27.630000,0.160500
27.640000,0.159278
27.650000,0.158157
27.660000,0.157138
27.670000,0.156218
27.680000,0.155392
27.690000,0.154655
27.700000,0.153998
27.710000,0.153412
27.720000,0.152888
27.730000,0.152411
27.740000,0.151971
27.750000,0.151554
27.760000,0.151147
27.770000,0.150737
27.780000,0.150309
27.790000,0.149853
27.800000,0.149354
27.810000,0.148800
27.820000,0.148181
27.830000,0.147487
27.840000,0.146711
27.850000,0.145845
27.860000,0.144886
27.870000,0.143830
27.880000,0.142676
27.890000,0.141427
27.900000,0.140085
27.910000,0.138656
27.920000,0.137148
27.930000,0.135569
27.940000,0.133930
27.950000,0.132244
27.960000,0.130523
27.970000,0.128780
27.980000,0.127031
27.990000,0.125287
28.000000,0.123564
28.010000,0.121874
28.020000,0.120230
28.030000,0.118640
28.040000,0.117116
28.050000,0.115664
28.060000,0.114289
28.070000,0.112997
28.080000,0.111789
28.090000,0.110666
28.100000,0.109625
28.110000,0.108663
28.120000,0.107775
28.130000,0.106955
28.140000,0.106195
28.150000,0.105486
28.160000,0.104818
28.170000,0.104181
28.180000,0.103565
28.190000,0.102960
28.200000,0.102354
28.210000,0.101739
28.220000,0.101106
28.230000,0.100447
28.240000,0.099756
28.250000,0.099028
28.260000,0.098259
28.270000,0.097449
28.280000,0.096595
28.290000,0.095700
28.300000,0.094767
28.310000,0.093799
28.320000,0.092801
28.330000,0.091781
28.340000,0.090743
28.350000,0.089695
28.360000,0.088645
28.370000,0.087599
28.380000,0.086564
28.390000,0.085545
28.400000,0.084547
28.410000,0.083574
28.420000,0.082630
28.430000,0.081714
28.440000,0.080828
28.450000,0.079972
28.460000,0.079141
28.470000,0.078335
28.480000,0.077550
28.490000,0.076780
28.500000,0.076022
28.510000,0.075270
28.520000,0.074519
28.530000,0.073766
28.540000,0.073006
28.550000,0.072235
28.560000,0.071450
28.570000,0.070651
28.580000,0.069836
28.590000,0.069006
28.600000,0.068161
28.610000,0.067304
28.620000,0.066438
28.630000,0.065568
28.640000,0.064697
28.650000,0.063832
28.660000,0.062977
28.670000,0.062139
28.680000,0.061323
28.690000,0.060534
28.700000,0.059777
28.710000,0.059057
28.720000,0.058377
28.730000,0.057740
28.740000,0.057147
28.750000,0.056600
28.760000,0.056098
28.770000,0.055638
28.780000,0.055219
28.790000,0.054838
28.800000,0.054488
28.810000,0.054165
28.820000,0.053864
28.830000,0.053577
28.840000,0.053297
28.850000,0.053017
28.860000,0.052732
28.870000,0.052432
28.880000,0.052113
28.890000,0.051768
28.900000,0.051393
28.910000,0.050982
28.920000,0.050532
28.930000,0.050042
28.940000,0.049508
28.950000,0.048931
28.960000,0.048312
28.970000,0.047651
28.980000,0.046952
28.990000,0.046217
29.000000,0.045452
29.010000,0.044660
29.020000,0.043845
29.030000,0.043015
29.040000,0.042175
29.050000,0.041329
29.060000,0.040485
29.070000,0.039646
29.080000,0.038818
29.090000,0.038006
29.100000,0.037213
29.110000,0.036444
29.120000,0.035700
29.130000,0.034985
29.140000,0.034299
29.150000,0.033644
29.160000,0.033020
29.170000,0.032427
29.180000,0.031865
29.190000,0.031332
29.200000,0.030829
29.210000,0.030352
29.220000,0.029901
29.230000,0.029474
29.240000,0.029069
29.250000,0.028684
29.260000,0.028318
29.270000,0.027968
29.280000,0.027633
29.290000,0.027311
29.300000,0.026999
29.310000,0.026697
29.320000,0.026401
29.330000,0.026111
29.340000,0.025823
29.350000,0.025536
29.360000,0.025247
29.370000,0.024955
29.380000,0.024656
29.390000,0.024349
29.400000,0.024033
29.410000,0.023704
29.420000,0.023361
29.430000,0.023003
29.440000,0.022628
29.450000,0.022236
29.460000,0.021827
29.470000,0.021400
29.480000,0.020956
29.490000,0.020496
29.500000,0.020022
29.510000,0.019535
29.520000,0.019038
29.530000,0.018532
29.540000,0.018021
29.550000,0.017507
29.560000,0.016992
29.570000,0.016481
29.580000,0.015974
29.590000,0.015474
29.600000,0.014983
29.610000,0.014503
29.620000,0.014035
29.630000,0.013580
29.640000,0.013137
29.650000,0.012708
29.660000,0.012292
29.670000,0.011889
29.680000,0.011497
29.690000,0.011115
29.700000,0.010744
29.710000,0.010380
29.720000,0.010024
29.730000,0.009673
29.740000,0.009328
29.750000,0.008986
29.760000,0.008647
29.770000,0.008310
29.780000,0.007975
29.790000,0.007641
29.800000,0.007309
29.810000,0.006978
29.820000,0.006648
29.830000,0.006321
29.840000,0.005995
29.850000,0.005673
29.860000,0.005354
29.870000,0.005039
29.880000,0.004729
29.890000,0.004425
29.900000,0.004128
29.910000,0.003838
29.920000,0.003556
29.930000,0.003284
29.940000,0.003021
29.950000,0.002769
29.960000,0.002528
29.970000,0.002299
29.980000,0.002082
29.990000,0.001877
30.000000,0.001685
30.010000,0.001506
30.020000,0.001340
30.030000,0.001186
30.040000,0.001045
30.050000,0.000916
30.060000,0.000799
30.070000,0.000694
30.080000,0.000599
30.090000,0.000514
30.100000,0.000439
30.110000,0.000373
30.120000,0.000316
30.130000,0.000265
30.140000,0.000221
30.150000,0.000184
30.160000,0.000152
30.170000,0.000125
30.180000,0.000102
30.190000,0.000082
30.200000,0.000067
30.210000,0.000053
30.220000,0.000042
30.230000,0.000034
30.240000,0.000026
30.250000,0.000021
30.260000,0.000016
30.270000,0.000012
30.280000,0.000010
30.290000,0.000007
30.300000,0.000005
30.310000,0.000004
30.320000,0.000003
30.330000,0.000002
30.340000,0.000002
30.350000,0.000001
30.360000,0.000001
30.370000,0.000001
30.380000,0.000000
30.390000,0.000000
30.400000,0.000000
30.410000,0.000000
30.420000,0.000000
30.430000,0.000000
30.440000,0.000000
30.450000,0.000000
30.460000,0.000000
30.470000,0.000000
30.480000,0.000000
30.490000,0.000000
30.500000,0.000000
30.510000,0.000000
30.520000,0.000000
30.530000,0.000000
30.540000,0.000000
30.550000,0.000000
30.560000,0.000000
30.570000,0.000000
30.580000,0.000000
30.590000,0.000000
30.600000,0.000000
30.610000,0.000000
30.620000,0.000000
30.630000,0.000000
30.640000,0.000000
30.650000,0.000000
30.660000,0.000000
30.670000,0.000000
30.680000,0.000000
30.690000,0.000000
30.700000,0.000000
30.710000,0.000000
30.720000,0.000000
30.730000,0.000000
30.740000,0.000000
30.750000,0.000000
30.760000,0.000000
30.770000,0.000000
30.780000,0.000000
30.790000,0.000000
30.800000,0.000000
30.810000,0.000000
30.820000,0.000000
30.830000,0.000000
30.840000,0.000000
30.850000,0.000000
30.860000,0.000000
30.870000,0.000000
30.880000,0.000000
30.890000,0.000000
30.900000,0.000000
30.910000,0.000000
30.920000,0.000000
30.930000,0.000000
30.940000,0.000000
30.950000,0.000000
30.960000,0.000000
30.970000,0.000000
30.980000,0.000000
30.990000,0.000000
31.000000,0.000000
31.010000,0.000000
31.020000,0.000000
31.030000,0.000000
31.040000,0.000000
31.050000,0.000000
31.060000,0.000000
31.070000,0.000000
31.080000,0.000000
31.090000,0.000000
31.100000,0.000000
31.110000,0.000000
31.120000,0.000000
31.130000,0.000000
31.140000,0.000000
31.150000,0.000000
31.160000,0.000000
31.170000,0.000000
31.180000,0.000000
31.190000,0.000000
31.200000,0.000000
31.210000,0.000000
31.220000,0.000000
31.230000,0.000000
31.240000,0.000000
31.250000,0.000000
31.260000,0.000000
31.270000,0.000000
31.280000,0.000000
31.290000,0.000000
31.300000,0.000000
31.310000,0.000000
31.320000,0.000000
31.330000,0.000000
31.340000,0.000000
31.350000,0.000000
31.360000,0.000000
31.370000,0.000000
31.380000,0.000000
31.390000,0.000000
31.400000,0.000000
31.410000,0.000000
31.420000,0.000000
31.430000,0.000000
31.440000,0.000000
31.450000,0.000000
31.460000,0.000000
31.470000,0.000000
31.480000,0.000000
31.490000,0.000000
31.500000,0.000000
31.510000,0.000000
31.520000,0.000000
31.530000,0.000000
31.540000,0.000000
31.550000,0.000000
31.560000,0.000000
31.570000,0.000000
31.580000,0.000000
31.590000,0.000000
31.600000,0.000000
31.610000,0.000000
31.620000,0.000000
31.630000,0.000000
31.640000,0.000000
31.650000,0.000000
31.660000,0.000000
31.670000,0.000000
31.680000,0.000000
31.690000,0.000000
31.700000,0.000000
31.710000,0.000000
31.720000,0.000000
31.730000,0.000000
31.740000,0.000000
31.750000,0.000000
31.760000,0.000000
31.770000,0.000000
31.780000,0.000000
31.790000,0.000000
31.800000,0.000000
31.810000,0.000000
31.820000,0.000000
31.830000,0.000000
31.840000,0.000000
31.850000,0.000000
31.860000,0.000000
31.870000,0.000000
31.880000,0.000000
31.890000,0.000000
31.900000,0.000000
31.910000,0.000000
31.920000,0.000000
31.930000,0.000000
31.940000,0.000000
31.950000,0.000000
31.960000,0.000000
31.970000,0.000000
31.980000,0.000000
31.990000,0.000000
32.000000,0.000000
32.010000,0.000000
32.020000,0.000000
32.030000,0.000000
32.040000,0.000000
32.050000,0.000000
32.060000,0.000000
32.070000,0.000000
32.080000,0.000000
32.090000,0.000000
32.100000,0.000000
32.110000,0.000000
32.120000,0.000000
32.130000,0.000000
32.140000,0.000000
32.150000,0.000000
32.160000,0.000000
32.170000,0.000000
32.180000,0.000000
32.190000,0.000000
32.200000,0.000000
32.210000,0.000000
32.220000,0.000000
32.230000,0.000000
32.240000,0.000000
32.250000,0.000000
32.260000,0.000000
32.270000,0.000000
32.280000,0.000000
32.290000,0.000000
32.300000,0.000000
32.310000,0.000000
32.320000,0.000000
32.330000,0.000000
32.340000,0.000000
32.350000,0.000000
32.360000,0.000000
32.370000,0.000000
32.380000,0.000000
32.390000,0.000000
32.400000,0.000000
32.410000,0.000000
32.420000,0.000000
32.430000,0.000000
32.440000,0.000000
32.450000,0.000000
32.460000,0.000000
32.470000,0.000000
32.480000,0.000000
32.490000,0.000000
32.500000,0.000000
32.510000,0.000000
32.520000,0.000000
32.530000,0.000000
32.540000,0.000000
32.550000,0.000000
32.560000,0.000000
32.570000,0.000000
32.580000,0.000000
32.590000,0.000000
32.600000,0.000000
32.610000,0.000000
32.620000,0.000000
32.630000,0.000000
32.640000,0.000000
32.650000,0.000000
32.660000,0.000000
32.670000,0.000000
32.680000,0.000000
32.690000,0.000000
32.700000,0.000000
32.710000,0.000000
32.720000,0.000000
32.730000,0.000000
32.740000,0.000000
32.750000,0.000000
32.760000,0.000000
32.770000,0.000000
32.780000,0.000000
32.790000,0.000000
32.800000,0.000000
32.810000,0.000000
32.820000,0.000000
32.830000,0.000000
32.840000,0.000000
32.850000,0.000000
32.860000,0.000000
32.870000,0.000000
32.880000,0.000000
32.890000,0.000000
32.900000,0.000000
32.910000,0.000000
32.920000,0.000000
32.930000,0.000000
32.940000,0.000000
32.950000,0.000000
32.960000,0.000000
32.970000,0.000000
32.980000,0.000000
32.990000,0.000000
33.000000,0.000000
33.010000,0.000000
33.020000,0.000000
33.030000,0.000000
33.040000,0.000000
33.050000,0.000000
33.060000,0.000000
33.070000,0.000000
33.080000,0.000000
33.090000,0.000000
33.100000,0.000000
33.110000,0.000000
33.120000,0.000000
33.130000,0.000000
33.140000,0.000000
33.150000,0.000000
33.160000,0.000000
33.170000,0.000000
33.180000,0.000000
33.190000,0.000000
33.200000,0.000000
33.210000,0.000000
33.220000,0.000000
33.230000,0.000000
33.240000,0.000000
33.250000,0.000000
33.260000,0.000000
33.270000,0.000000
33.280000,0.000000
33.290000,0.000000
33.300000,0.000000
33.310000,0.000000
33.320000,0.000000
33.330000,0.000000
33.340000,0.000000
33.350000,0.000000
33.360000,0.000000
33.370000,0.000000
33.380000,0.000000
33.390000,0.000000
33.400000,0.000000
33.410000,0.000000
33.420000,0.000000
33.430000,0.000000
33.440000,0.000000
33.450000,0.000000
33.460000,0.000000
33.470000,0.000000
33.480000,0.000000
33.490000,0.000000
33.500000,0.000000
33.510000,0.000000
33.520000,0.000000
33.530000,0.000000
33.540000,0.000000
33.550000,0.000000
33.560000,0.000000
33.570000,0.000000
33.580000,0.000000
33.590000,0.000000
33.600000,0.000000
33.610000,0.000000
33.620000,0.000000
33.630000,0.000000
33.640000,0.000000
33.650000,0.000000
33.660000,0.000000
33.670000,0.000000
33.680000,0.000000
33.690000,0.000000
33.700000,0.000000
33.710000,0.000000
33.720000,0.000000
33.730000,0.000000
33.740000,0.000000
33.750000,0.000000
33.760000,0.000000
33.770000,0.000000
33.780000,0.000000
33.790000,0.000000
33.800000,0.000000
33.810000,0.000000
33.820000,0.000000
33.830000,0.000000
33.840000,0.000000
33.850000,0.000000
33.860000,0.000000
33.870000,0.000000
33.880000,0.000000
33.890000,0.000000
33.900000,0.000000
33.910000,0.000000
33.920000,0.000000
33.930000,0.000000
33.940000,0.000000
33.950000,0.000000
33.960000,0.000000
33.970000,0.000000
33.980000,0.000000
33.990000,0.000000
34.000000,0.000000
34.010000,0.000000
34.020000,0.000000
34.030000,0.000000
34.040000,0.000000
34.050000,0.000000
34.060000,0.000000
34.070000,0.000000
34.080000,0.000000
34.090000,0.000000
34.100000,0.000000
34.110000,0.000000
34.120000,0.000000
34.130000,0.000000
34.140000,0.000000
34.150000,0.000000
34.160000,0.000000
34.170000,0.000000
34.180000,0.000000
34.190000,0.000000
34.200000,0.000000
34.210000,0.000000
34.220000,0.000000
34.230000,0.000000
34.240000,0.000000
34.250000,0.000000
34.260000,0.000000
34.270000,0.000000
34.280000,0.000000
34.290000,0.000000
34.300000,0.000000
34.310000,0.000000
34.320000,0.000000
34.330000,0.000000
34.340000,0.000000
34.350000,0.000000
34.360000,0.000000
34.370000,0.000000
34.380000,0.000000
34.390000,0.000000
34.400000,0.000000
34.410000,0.000000
34.420000,0.000000
34.430000,0.000000
34.440000,0.000000
34.450000,0.000000
34.460000,0.000000
34.470000,0.000000
34.480000,0.000000
34.490000,0.000000
34.500000,0.000000
34.510000,0.000000
34.520000,0.000000
34.530000,0.000000
34.540000,0.000000
34.550000,0.000000
34.560000,0.000000
34.570000,0.000000
34.580000,0.000000
34.590000,0.000000
34.600000,0.000000
34.610000,0.000000
34.620000,0.000000
34.630000,0.000000
34.640000,0.000000
34.650000,0.000000
34.660000,0.000000
34.670000,0.000000
34.680000,0.000000
34.690000,0.000000
34.700000,0.000000
34.710000,0.000000
34.720000,0.000000
34.730000,0.000000
34.740000,0.000000
34.750000,0.000000
34.760000,0.000000
34.770000,0.000000
34.780000,0.000000
34.790000,0.000000
34.800000,0.000000
34.810000,0.000000
34.820000,0.000000
34.830000,0.000000
34.840000,0.000000
34.850000,0.000000
34.860000,0.000000
34.870000,0.000000
34.880000,0.000000
34.890000,0.000000
34.900000,0.000000
34.910000,0.000000
34.920000,0.000000
34.930000,0.000000
34.940000,0.000000
34.950000,0.000000
34.960000,0.000000
34.970000,0.000000
34.980000,0.000000
34.990000,0.000000
35.000000,0.000000
35.010000,0.000000
35.020000,0.000000
35.030000,0.000000
35.040000,0.000000
35.050000,0.000000
35.060000,0.000000
35.070000,0.000000
35.080000,0.000000
35.090000,0.000000
35.100000,0.000000
35.110000,0.000000
35.120000,0.000000
35.130000,0.000000
35.140000,0.000000
35.150000,0.000000
35.160000,0.000000
35.170000,0.000000
35.180000,0.000000
35.190000,0.000000
35.200000,0.000000
35.210000,0.000000
35.220000,0.000000
35.230000,0.000000
35.240000,0.000000
35.250000,0.000000
35.260000,0.000000
35.270000,0.000000
35.280000,0.000000
35.290000,0.000000
35.300000,0.000000
35.310000,0.000000
35.320000,0.000000
35.330000,0.000000
35.340000,0.000000
35.350000,0.000000
35.360000,0.000000
35.370000,0.000000
35.380000,0.000000
35.390000,0.000000
35.400000,0.000000
35.410000,0.000000
35.420000,0.000000
35.430000,0.000000
35.440000,0.000000
35.450000,0.000000
35.460000,0.000000
35.470000,0.000000
35.480000,0.000000
35.490000,0.000000
35.500000,0.000000
35.510000,0.000000
35.520000,0.000000
35.530000,0.000000
35.540000,0.000000
35.550000,0.000000
35.560000,0.000000
35.570000,0.000000
35.580000,0.000000
35.590000,0.000000
35.600000,0.000000
35.610000,0.000000
35.620000,0.000000
35.630000,0.000000
35.640000,0.000000
35.650000,0.000000
35.660000,0.000000
35.670000,0.000000
35.680000,0.000000
35.690000,0.000000
35.700000,0.000000
35.710000,0.000000
35.720000,0.000000
35.730000,0.000000
35.740000,0.000000
35.750000,0.000000
35.760000,0.000000
35.770000,0.000000
35.780000,0.000000
35.790000,0.000000
35.800000,0.000000
35.810000,0.000000
35.820000,0.000000
35.830000,0.000000
35.840000,0.000000
35.850000,0.000000
35.860000,0.000000
35.870000,0.000000
35.880000,0.000000
35.890000,0.000000
35.900000,0.000000
35.910000,0.000000
35.920000,0.000000
35.930000,0.000000
35.940000,0.000000
35.950000,0.000000
35.960000,0.000000
35.970000,0.000000
35.980000,0.000000
35.990000,0.000000
36.000000,0.000000
36.010000,0.000000
36.020000,0.000000
36.030000,0.000000
36.040000,0.000000
36.050000,0.000000
36.060000,0.000000
36.070000,0.000000
36.080000,0.000000
36.090000,0.000000
36.100000,0.000000
36.110000,0.000000
36.120000,0.000000
36.130000,0.000000
36.140000,0.000000
36.150000,0.000000
36.160000,0.000000
36.170000,0.000000
36.180000,0.000000
36.190000,0.000000
36.200000,0.000000
36.210000,0.000000
36.220000,0.000000
36.230000,0.000000
36.240000,0.000000
36.250000,0.000000
36.260000,0.000000
36.270000,0.000000
36.280000,0.000000
36.290000,0.000000
36.300000,0.000000
36.310000,0.000000
36.320000,0.000000
36.330000,0.000000
36.340000,0.000000
36.350000,0.000000
36.360000,0.000000
36.370000,0.000000
36.380000,0.000000
36.390000,0.000000
36.400000,0.000000
36.410000,0.000000
36.420000,0.000000
36.430000,0.000000
36.440000,0.000000
36.450000,0.000000
36.460000,0.000000
36.470000,0.000000
36.480000,0.000000
36.490000,0.000000
36.500000,0.000000
36.510000,0.000000
36.520000,0.000000
36.530000,0.000000
36.540000,0.000000
36.550000,0.000000
36.560000,0.000000
36.570000,0.000000
36.580000,0.000000
36.590000,0.000000
36.600000,0.000000
36.610000,0.000000
36.620000,0.000000
36.630000,0.000000
36.640000,0.000000
36.650000,0.000000
36.660000,0.000000
36.670000,0.000000
36.680000,0.000000
36.690000,0.000000
36.700000,0.000000
36.710000,0.000000
36.720000,0.000000
36.730000,0.000000
36.740000,0.000000
36.750000,0.000000
36.760000,0.000000
36.770000,0.000000
36.780000,0.000000
36.790000,0.000000
36.800000,0.000000
36.810000,0.000000
36.820000,0.000000
36.830000,0.000000
36.840000,0.000000
36.850000,0.000000
36.860000,0.000000
36.870000,0.000000
36.880000,0.000000
36.890000,0.000000
36.900000,0.000000
36.910000,0.000000
36.920000,0.000000
36.930000,0.000000
36.940000,0.000000
36.950000,0.000000
36.960000,0.000000
36.970000,0.000000
36.980000,0.000000
36.990000,0.000000
37.000000,0.000000
37.010000,0.000000
37.020000,0.000000
37.030000,0.000000
37.040000,0.000000
37.050000,0.000000
37.060000,0.000000
37.070000,0.000000
37.080000,0.000000
37.090000,0.000000
37.100000,0.000000
37.110000,0.000000
37.120000,0.000000
37.130000,0.000000
37.140000,0.000000
37.150000,0.000000
37.160000,0.000000
37.170000,0.000000
37.180000,0.000000
37.190000,0.000000
37.200000,0.000000
37.210000,0.000000
37.220000,0.000000
37.230000,0.000000
37.240000,0.000000
37.250000,0.000000
37.260000,0.000000
37.270000,0.000000
37.280000,0.000000
37.290000,0.000000
37.300000,0.000000
37.310000,0.000000
37.320000,0.000000
37.330000,0.000000
37.340000,0.000000
37.350000,0.000000
37.360000,0.000000
37.370000,0.000000
37.380000,0.000000
37.390000,0.000000
37.400000,0.000000
37.410000,0.000000
37.420000,0.000000
37.430000,0.000000
37.440000,0.000000
37.450000,0.000000
37.460000,0.000000
37.470000,0.000000
37.480000,0.000000
37.490000,0.000000
37.500000,0.000000
37.510000,0.000000
37.520000,0.000000
37.530000,0.000000
37.540000,0.000000
37.550000,0.000000
37.560000,0.000000
37.570000,0.000000
37.580000,0.000000
37.590000,0.000000
37.600000,0.000000
37.610000,0.000000
37.620000,0.000000
37.630000,0.000000
37.640000,0.000000
37.650000,0.000000
37.660000,0.000000
37.670000,0.000000
37.680000,0.000000
37.690000,0.000000
37.700000,0.000000
37.710000,0.000000
37.720000,0.000000
37.730000,0.000000
37.740000,0.000000
37.750000,0.000000
37.760000,0.000000
37.770000,0.000000
37.780000,0.000000
37.790000,0.000000
37.800000,0.000000
37.810000,0.000000
37.820000,0.000000
37.830000,0.000000
37.840000,0.000000
37.850000,0.000000
37.860000,0.000000
37.870000,0.000000
37.880000,0.000000
37.890000,0.000000
37.900000,0.000000
37.910000,0.000000
37.920000,0.000000
37.930000,0.000000
37.940000,0.000000
37.950000,0.000000
37.960000,0.000000
37.970000,0.000000
37.980000,0.000000
37.990000,0.000000
38.000000,0.000000
38.010000,0.000000
38.020000,0.000000
38.030000,0.000000
38.040000,0.000000
38.050000,0.000000
38.060000,0.000000
38.070000,0.000000
38.080000,0.000000
38.090000,0.000000
38.100000,0.000000
38.110000,0.000000
38.120000,0.000000
38.130000,0.000000
38.140000,0.000000
38.150000,0.000000
38.160000,0.000000
38.170000,0.000000
38.180000,0.000000
38.190000,0.000000
38.200000,0.000000
38.210000,0.000000
38.220000,0.000000
38.230000,0.000000
38.240000,0.000000
38.250000,0.000000
38.260000,0.000000
38.270000,0.000000
38.280000,0.000000
38.290000,0.000000
38.300000,0.000000
38.310000,0.000000
38.320000,0.000000
38.330000,0.000000
38.340000,0.000000
38.350000,0.000000
38.360000,0.000000
38.370000,0.000000
38.380000,0.000000
38.390000,0.000000
38.400000,0.000000
38.410000,0.000000
38.420000,0.000000
38.430000,0.000000
38.440000,0.000000
38.450000,0.000000
38.460000,0.000000
38.470000,0.000000
38.480000,0.000000
38.490000,0.000000
38.500000,0.000000
38.510000,0.000000
38.520000,0.000000
38.530000,0.000000
38.540000,0.000000
38.550000,0.000000
38.560000,0.000000
38.570000,0.000000
38.580000,0.000000
38.590000,0.000000
38.600000,0.000000
38.610000,0.000000
38.620000,0.000000
38.630000,0.000000
38.640000,0.000000
38.650000,0.000000
38.660000,0.000000
38.670000,0.000000
38.680000,0.000000
38.690000,0.000000
38.700000,0.000000
38.710000,0.000000
38.720000,0.000000
38.730000,0.000000
38.740000,0.000000
38.750000,0.000000
38.760000,0.000000
38.770000,0.000000
38.780000,0.000000
38.790000,0.000000
38.800000,0.000000
38.810000,0.000000
38.820000,0.000000
38.830000,0.000000
38.840000,0.000000
38.850000,0.000000
38.860000,0.000000
38.870000,0.000000
38.880000,0.000000
38.890000,0.000000
38.900000,0.000000
38.910000,0.000000
38.920000,0.000000
38.930000,0.000000
38.940000,0.000000
38.950000,0.000000
38.960000,0.000000
38.970000,0.000000
38.980000,0.000000
38.990000,0.000000
39.000000,0.000000
39.010000,0.000000
39.020000,0.000000
39.030000,0.000000
39.040000,0.000000
39.050000,0.000000
39.060000,0.000000
39.070000,0.000000
39.080000,0.000000
39.090000,0.000000
39.100000,0.000000
39.110000,0.000000
39.120000,0.000000
39.130000,0.000000
39.140000,0.000000
39.150000,0.000000
39.160000,0.000000
39.170000,0.000000
39.180000,0.000000
39.190000,0.000000
39.200000,0.000000
39.210000,0.000000
39.220000,0.000000
39.230000,0.000000
39.240000,0.000000
39.250000,0.000000
39.260000,0.000000
39.270000,0.000000
39.280000,0.000000
39.290000,0.000000
39.300000,0.000000
39.310000,0.000000
39.320000,0.000000
39.330000,0.000000
39.340000,0.000000
39.350000,0.000000
39.360000,0.000000
39.370000,0.000000
39.380000,0.000000
39.390000,0.000000
39.400000,0.000000
39.410000,0.000000
39.420000,0.000000
39.430000,0.000000
39.440000,0.000000
39.450000,0.000000
39.460000,0.000000
39.470000,0.000000
39.480000,0.000000
39.490000,0.000000
39.500000,0.000000
39.510000,0.000000
39.520000,0.000000
39.530000,0.000000
39.540000,0.000000
39.550000,0.000000
39.560000,0.000000
39.570000,0.000000
39.580000,0.000000
39.590000,0.000000
39.600000,0.000000
39.610000,0.000000
39.620000,0.000000
39.630000,0.000000
39.640000,0.000000
39.650000,0.000000
39.660000,0.000000
39.670000,0.000000
39.680000,0.000000
39.690000,0.000000
39.700000,0.000000
39.710000,0.000000
39.720000,0.000000
39.730000,0.000000
39.740000,0.000000
39.750000,0.000000
39.760000,0.000000
39.770000,0.000000
39.780000,0.000000
39.790000,0.000000
39.800000,0.000000
39.810000,0.000000
39.820000,0.000000
39.830000,0.000000
39.840000,0.000000
39.850000,0.000000
39.860000,0.000000
39.870000,0.000000
39.880000,0.000000
39.890000,0.000000
39.900000,0.000000
39.910000,0.000000
39.920000,0.000000
39.930000,0.000000
39.940000,0.000000
39.950000,0.000000
39.960000,0.000000
39.970000,0.000000
39.980000,0.000000
39.990000,0.000000
40.000000,0.000000
40.010000,0.000000
40.020000,0.000000
40.030000,0.000000
40.040000,0.000000
40.050000,0.000000
40.060000,0.000000
40.070000,0.000000
40.080000,0.000000
40.090000,0.000000
40.100000,0.000000
40.110000,0.000000
40.120000,0.000000
40.130000,0.000000
40.140000,0.000000
40.150000,0.000000
40.160000,0.000000
40.170000,0.000000
40.180000,0.000000
40.190000,0.000000
40.200000,0.000000
40.210000,0.000000
40.220000,0.000000
40.230000,0.000000
40.240000,0.000000
40.250000,0.000000
40.260000,0.000000
40.270000,0.000000
40.280000,0.000000
40.290000,0.000000
40.300000,0.000000
40.310000,0.000000
40.320000,0.000000
40.330000,0.000000
40.340000,0.000000
40.350000,0.000000
40.360000,0.000000
40.370000,0.000000
40.380000,0.000000
40.390000,0.000000
40.400000,0.000000
40.410000,0.000000
40.420000,0.000000
40.430000,0.000000
40.440000,0.000000
40.450000,0.000000
40.460000,0.000000
40.470000,0.000000
40.480000,0.000000
40.490000,0.000000
40.500000,0.000000
40.510000,0.000000
40.520000,0.000000
40.530000,0.000000
40.540000,0.000000
40.550000,0.000000
40.560000,0.000000
40.570000,0.000000
40.580000,0.000000
40.590000,0.000000
40.600000,0.000000
40.610000,0.000000
40.620000,0.000000
40.630000,0.000000
40.640000,0.000000
40.650000,0.000000
40.660000,0.000000
40.670000,0.000000
40.680000,0.000000
40.690000,0.000000
40.700000,0.000000
40.710000,0.000000
40.720000,0.000000
40.730000,0.000000
40.740000,0.000000
40.750000,0.000000
40.760000,0.000000
40.770000,0.000000
40.780000,0.000000
40.790000,0.000000
40.800000,0.000000
40.810000,0.000000
40.820000,0.000000
40.830000,0.000000
40.840000,0.000000
40.850000,0.000000
40.860000,0.000000
40.870000,0.000000
40.880000,0.000000
40.890000,0.000000
40.900000,0.000000
40.910000,0.000000
40.920000,0.000000
40.930000,0.000000
40.940000,0.000000
40.950000,0.000000
